{
    "sources": [
        {
            "type": "paletted_permutations",
            "textures": [
                "trims/models/armor/template",
                "trims/models/armor/template_leggings",
                "trims/models/armor/emerald",
                "trims/models/armor/emerald_leggings",
                "trims/models/armor/chainmail",
                "trims/models/armor/chainmail_leggings",
                "trims/models/armor/colon1",
                "trims/models/armor/colon2",
                "trims/models/armor/jel1",
                "trims/models/armor/jel2",
                "trims/models/armor/rinu1",
                "trims/models/armor/rinu2",
                "trims/models/armor/root1",
                "trims/models/armor/root2",
                "trims/models/armor/satomi1",
                "trims/models/armor/satomi2"
            ],
            "palette_key": "trims/color_palettes/trim_palette",
            "permutations": {
                "none": "trims/color_palettes/none"
            }
        }
    ]
}
