{
    "parent": "item/generated",
    "textures": {
        "layer0": "item/chainmail_chestplate"
    },
    "overrides": [
        {"predicate": {"trim_type": 0.01}, "model": "custom/colon1/chestplate"},
        {"predicate": {"trim_type": 0.02}, "model": "custom/colon2/chestplate"},
        {"predicate": {"trim_type": 0.03}, "model": "custom/jel1/chestplate"},
        {"predicate": {"trim_type": 0.04}, "model": "custom/jel2/chestplate"},
        {"predicate": {"trim_type": 0.05}, "model": "custom/rinu1/chestplate"},
        {"predicate": {"trim_type": 0.06}, "model": "custom/rinu2/chestplate"},
        {"predicate": {"trim_type": 0.07}, "model": "custom/root1/chestplate"},
        {"predicate": {"trim_type": 0.08}, "model": "custom/root2/chestplate"},
        {"predicate": {"trim_type": 0.09}, "model": "custom/satomi1/chestplate"},
        {"predicate": {"trim_type": 0.10}, "model": "custom/satomi2/chestplate"}
    ]
}